{"cameraMode":{"drawMode":0,"name":"Shaded","section":"Shading Mode"},"sceneLighting":true,"audioPlay":false,"sceneViewState":{"showFog":true,"showMaterialUpdate":false,"showSkybox":true,"showFlares":true,"showImageEffects":true,"showParticleSystems":true},"in2DMode":false,"pivot":{"x":-0.3262154757976532,"y":1.9654626846313477,"z":1.1875184774398804},"rotation":{"x":-0.0017542906571179629,"y":0.9512516856193543,"z":-0.3083873391151428,"w":-0.005427532829344273},"size":1.2261919975280762,"orthographic":false}